<?xml version="1.0" encoding="UTF-8"?>
<!DOCTYPE mapper PUBLIC "-//mybatis.org//DTD Mapper 3.0//EN" "https://mybatis.org/dtd/mybatis-3-mapper.dtd">
<mapper namespace="com.hosinsa.mapper.MemberAddressMapper">
	<!-- getListBasic -->
	<select id="getListBasic" resultType="com.hosinsa.domain.MemberAddressVO">
		SELECT * FROM HOSINSA_MEMBER_ADDRESS WHERE BASIC = 'O' AND ID = #{id}
	</select>
	<!-- getListOrder -->
	<select id="getListOrder" resultType="com.hosinsa.domain.MemberAddressVO">
		<![CDATA[
			SELECT ADDRESS_NO, ID, RECIPIENT, SHIPPING, PHONE, TEL, ZIPCODE, ADDRESS1, ADDRESS2, BASIC, REGDATE, UPDATE_DATE
				FROM
				(SELECT * FROM HOSINSA_MEMBER_ADDRESS ORDER BY UPDATE_DATE DESC)
			WHERE ROWNUM <= 2 AND ID = #{id} AND BASIC = 'X'
		]]>
	</select>
	<!-- getListWithPaging -->
	<select id="getListWithPaging" resultType="com.hosinsa.domain.MemberAddressVO">
		<![CDATA[
			SELECT ADDRESS_NO, ID, RECIPIENT, SHIPPING, PHONE, TEL, ZIPCODE, ADDRESS1, ADDRESS2, BASIC, REGDATE, UPDATE_DATE
			FROM
				(SELECT ROWNUM RN, ADDRESS_NO, ID, RECIPIENT, SHIPPING, PHONE, TEL, ZIPCODE, ADDRESS1, ADDRESS2, BASIC, REGDATE, UPDATE_DATE
				FROM HOSINSA_MEMBER_ADDRESS WHERE ROWNUM <= #{b_pageNum} * #{b_amount})				
			WHERE RN > (#{b_pageNum} - 1) * #{b_amount} AND ID = #{id}
		]]>
	</select>
	<!-- registerSelectKey -->
	<insert id="registerSelectKey">
		<selectKey keyProperty="address_no" order="BEFORE" resultType="Long">
			SELECT SEQ_MEMBER_ADDRESS.NEXTVAL FROM DUAL
		</selectKey>
			INSERT INTO HOSINSA_MEMBER_ADDRESS(ADDRESS_NO, ID, RECIPIENT, SHIPPING, PHONE, TEL, ZIPCODE, ADDRESS1, ADDRESS2, BASIC, REGDATE, UPDATE_DATE)
			VALUES(SEQ_MEMBER_ADDRESS.NEXTVAL, #{id}, #{recipient}, #{shipping}, #{phone}, #{tel}, #{zipcode}, #{address1}, #{address2}, #{basic}, SYSDATE, SYSDATE)
	</insert>
	<!-- read -->
	<select id="read" resultType="com.hosinsa.domain.MemberAddressVO">
		SELECT * FROM HOSINSA_MEMBER_ADDRESS WHERE ADDRESS_NO = #{address_no}
	</select>
	<!-- modifyBasic -->
	<update id="modifyBasic">
		UPDATE HOSINSA_MEMBER_ADDRESS SET
		BASIC = 'X'
		WHERE ADDRESS_NO = (SELECT ADDRESS_NO FROM HOSINSA_MEMBER_ADDRESS WHERE BASIC='O' AND ID =#{id})
	</update>
	<!-- modify -->
	<update id="modify">
		UPDATE HOSINSA_MEMBER_ADDRESS SET 
		RECIPIENT = #{recipient},
		SHIPPING = #{shipping},
		PHONE = #{phone},
		TEL = #{tel},
		ZIPCODE = #{zipcode},
		ADDRESS1 = #{address1},
		ADDRESS2 = #{address2},
		BASIC = #{basic},
		UPDATE_DATE = SYSDATE
		WHERE ADDRESS_NO = #{address_no}
	</update>
	<!-- remove -->
	<delete id="remove">
		DELETE FROM HOSINSA_MEMBER_ADDRESS WHERE ADDRESS_NO = #{address_no}
	</delete>
	<!-- getTotalCountAddress -->
	<select id="getTotalCountAddress" resultType="int" >
		SELECT COUNT(*) FROM HOSINSA_MEMBER_ADDRESS WHERE ID = #{id}
	</select>

</mapper>