<?xml version="1.0" encoding="UTF-8"?>
<!DOCTYPE mapper
  PUBLIC "-//mybatis.org//DTD Mapper 3.0//EN"
  "https://mybatis.org/dtd/mybatis-3-mapper.dtd">

<mapper namespace="com.hosinsa.mapper.ReplyMapper">

	<insert id="insert">

		insert into hosinsa_reply (rno, qno, reply, replyer)
		values(seq_reply.nextval, #{qno}, #{reply}, #{replyer})

	</insert>

	<select id="read" resultType="com.hosinsa.domain.ReplyVO">

		select * from hosinsa_reply where rno = #{rno}

	</select>

	<delete id="delete">

		delete from hosinsa_reply where rno = #{rno}

	</delete>

	<update id="update">

		update hosinsa_reply set reply = #{reply}, updatedate
		= sysdate where rno = #{rno}

	</update>

	<select id="getListWithPaging" resultType="com.hosinsa.domain.ReplyVO">
	<![CDATA[
   select rno, qno, reply, replyer, replydate, updatedate
   from 
   ( select /*+index(hosinsa_reply idx_reply) */
   		rownum rn, rno, qno, reply, replyer, replydate, updatedate
   		from hosinsa_reply
   		where qno = #{qno} 
   		and rno > 0 
   		and rownum <= #{cri.pageNum} * #{cri.amount}
   ) where rn > (#{cri.pageNum}-1) * #{cri.amount}
  ]]>
	</select>

	<select id="getCountByQno" resultType="int">
	<![CDATA[
		select count(rno) from hosinsa_reply where qno =#{qno}
		]]>
	</select>
	
</mapper>