<?xml version="1.0" encoding="UTF-8" ?>
<!DOCTYPE mapper
  PUBLIC "-//mybatis.org//DTD Mapper 3.0//EN"
  "https://mybatis.org/dtd/mybatis-3-mapper.dtd">
<mapper namespace="com.hosinsa.mapper.ReviewMapper">

	<sql id="reviewCriteria">			
	 	<trim prefix="(" suffix=") AND " prefixOverrides="OR">
	 		<foreach item='type' collection="typeArr">
	 		  <trim prefix="OR">
	 		    <choose>
	 		      <when test="type == 'T'.toString()">
	 		      	title like '%'||#{keyword}||'%'
	 		      </when>
	 		      
	 		      <when test="type == 'C'.toString()">
	 		      	content like '%'||#{keyword}||'%'
	 		      </when>
	 		      
	 		      <when test="type == 'N'.toString()">
	 		      	nickname like '%'||#{keyword}||'%'
	 		      </when>
	 		    </choose>
	 		  </trim>	
	 		</foreach> 			
	 	</trim>
	 </sql>	

	 	 <select id="getList" resultType="com.hosinsa.domain.ReviewVO">
	   			select * from hosinsa_review where bno > 0
	 	 </select>
	 	 
	 	 <insert id="insert">
	 	 		insert into hosinsa_review (bno,title,content,nickname, uploadDate, pronum, photo1, photo2, photo3)
	 	 		values(seq_review.nextval, #{title}, #{content}, #{nickname}, sysdate, #{pronum}, #{photo1}, #{photo2}, #{photo3})
	 	 </insert> 
	 	 	
	 	 
	 	 <insert id="insertSelectKey">
	 	 	<selectKey keyProperty="bno" order="BEFORE" resultType="Long">
	 	 		select seq_review.nextval from dual
	 	 	</selectKey>
		 	 	insert into hosinsa_review(bno, id, nickname, title, content, uploadDate, pronum, profilimg, proname, proimg, photo1, photo2, photo3)
		 	 	values(#{bno}, #{id}, #{nickname}, #{title}, #{content}, sysdate, #{pronum}, #{profilimg}, #{proname}, #{proimg}, #{photo1}, #{photo2}, #{photo3})
	 	 </insert>
	 	 
	 	 <select id="read" resultType="com.hosinsa.domain.ReviewVO">
	 	 		select * from hosinsa_review where bno = #{bno}
	 	 </select>
	 	 
		
		<delete id="delete">
	 	 		delete from hosinsa_review where bno = #{bno}
	 	</delete>
	 	
	 	
	 	<update id="update">
	 			update hosinsa_review
	 			set title = #{title},
	 			content = #{content},
	 			photo1 = #{photo1},
	 			photo2 = #{photo2},
	 			photo3 = #{photo3},
	 			uploadDate = sysdate
	 			where bno = #{bno}
	 	</update>
	 	
	 	<update id="updateReplyCount">
	 		update hosinsa_review set rereply = rereply + #{amount} where bno = #{bno}
	 	</update>
	 	
	 
	 	<select id="getListWithPaging" resultType="com.hosinsa.domain.ReviewVO" parameterType="map">
	 			
		 <![CDATA[
		   select
		 	bno, title, content, nickname, uploaddate, reReply, profilimg, photo1, photo2, photo3
		 	from
		 		(
		 		select /*+INDEX_DESC(HOSINSA_REVIEW PK_REVIEW) */
		 		rownum rn, bno, title, content, nickname, uploaddate, pronum, reReply, profilimg, photo1, photo2, photo3
		   		from
		 			HOSINSA_REVIEW
		 		where 
		 ]]>
		 			
	 	  <!--  <include refid="reviewCriteria"></include> -->
	 
	 	<![CDATA[
	 		rownum <= #{cri.pageNum} * #{cri.amount}
	 		)
	 	where rn > (#{cri.pageNum} -1) * #{cri.amount} and pronum = #{pronum}
	 	]]>		
	 	</select> 
	 	
	 	<select id="getTotalCount" resultType="int">
	 		select count(*) from hosinsa_review where 
	 	
	 	<include refid="reviewCriteria"></include>
	 		
	 	bno > 0
	 	</select>
	 	
	 	<delete id="deletePre">
	 		delete from hosinsa_p_review where ordernum = #{ordernum} and pronum = #{pronum}
	 	</delete>
	 	
	 	<update id="updateReviewCount" parameterType="map">
	 		update hosinsa_product set review = review + #{amount} where pronum = ${pronum}
	 	</update>
	 	
</mapper>
